no,category_prefix,company_en,phone,contact_note
612,2,Mitey AV,+15042665681,2_美国_Mitey AV
618,2,The One Up Group,+13106662250,2_美国_The One Up Group
638,2,TX LED Rental,+1 832-529-5563,2_美国_TX LED Rental_Leland Yarborough
707,2,SoFlo Studio,19544465619,2_美国_SoFlo Studio
775,1,HV ALL IN SOLUTIONS,+1 786 567 2007,1_美国_HV ALL IN SOLUTIONS
776,1,EAV Pro,+1 302 730 2441,1_美国_EAV Pro
777,1,LED Media Group,+1 305 340 1396,1_美国_LED Media Group
759,2,Eden USA,+1 951 505 6967,2_美国_Eden USA
573,2,TrueBlue Exhibits,+1 702 445 8294,2_美国_TrueBlue Exhibits
780,2,Aplus Exhibits,+1 702 321 3322,2_美国_Aplus Exhibits
785,2,AVPLED,+1 786 348 4240,2_美国_AVPLED
789,2,FreqMode AV,+1 214 327 3697,2_美国_FreqMode AV
792,2,Easy Audio Rental,+1 913 219 7475,2_美国_Easy Audio Rental
793,2,Full Swing Productions,+1 316 641 8913,2_美国_Full Swing Productions
794,2,Queen City Screens,+1 513 275 8550,2_美国_Queen City Screens
796,2,OVOMEDIA Audio / Video Services,+1 813 545 3312,2_美国_OVOMEDIA Audio / Video Services
805,2,SRXTeK,+1 847 275 3456,2_美国_SRXTeK
808,2,Summit Prestige,+1 301 707 5785,2_美国_Summit Prestige
810,2,Profigroup,+1 253 349 7753,2_美国_Profigroup
814,2,Trailex LED Event Solutions,+1 330 207 0818,2_美国_Trailex LED Event Solutions
818,2,Rolling Outdoor Media,+1 818 452 6526,2_美国_Rolling Outdoor Media
819,2,Mobile Billboard Miami,+1 305 814 5880,2_美国_Mobile Billboard Miami
821,2,LED Truck Media,+1 917 224 3633,2_美国_LED Truck Media
823,2,Ad Runner Trucks,+1 253 350 0804,2_美国_Ad Runner Trucks
