no,company_en,phone,contact_note
612,Mitey AV,+15042665681,美国+Mitey AV
618,The One Up Group,+13106662250,美国+The One Up Group
638,TX LED Rental,+1 832-529-5563,美国+TX LED Rental+Leland Yarborough
707,SoFlo Studio,19544465619,美国+SoFlo Studio
775,HV ALL IN SOLUTIONS,+1 786 567 2007,美国+HV ALL IN SOLUTIONS
776,EAV Pro,+1 302 730 2441,美国+EAV Pro
777,LED Media Group,+1 305 340 1396,美国+LED Media Group
759,Eden USA,+1 951 505 6967,美国+Eden USA
573,TrueBlue Exhibits,+1 702 445 8294,美国+TrueBlue Exhibits
780,Aplus Exhibits,+1 702 321 3322,美国+Aplus Exhibits
785,AVPLED,+1 786 348 4240,美国+AVPLED
789,FreqMode AV,+1 214 327 3697,美国+FreqMode AV
792,Easy Audio Rental,+1 913 219 7475,美国+Easy Audio Rental
793,Full Swing Productions,+1 316 641 8913,美国+Full Swing Productions
794,Queen City Screens,+1 513 275 8550,美国+Queen City Screens
796,OVOMEDIA Audio / Video Services,+1 813 545 3312,美国+OVOMEDIA Audio / Video Services
805,SRXTeK,+1 847 275 3456,美国+SRXTeK
808,Summit Prestige,+1 301 707 5785,美国+Summit Prestige
810,Profigroup,+1 253 349 7753,美国+Profigroup
814,Trailex LED Event Solutions,+1 330 207 0818,美国+Trailex LED Event Solutions
818,Rolling Outdoor Media,+1 818 452 6526,美国+Rolling Outdoor Media
819,Mobile Billboard Miami,+1 305 814 5880,美国+Mobile Billboard Miami
821,LED Truck Media,+1 917 224 3633,美国+LED Truck Media
823,Ad Runner Trucks,+1 253 350 0804,美国+Ad Runner Trucks
